studentId,password
ST2026001,Demo@001
ST2026002,Demo@002
ST2026003,Demo@003
ST2026004,Demo@004
ST2026005,Demo@005
ST2026006,Demo@006
ST2026007,Demo@007
ST2026008,Demo@008
ST2026009,Demo@009
ST2026010,Demo@010
ST2026011,Demo@011
ST2026012,Demo@012
ST2026013,Demo@013
ST2026014,Demo@014
ST2026015,Demo@015
ST2026016,Demo@016
ST2026017,Demo@017
ST2026018,Demo@018
ST2026019,Demo@019
ST2026020,Demo@020
ST2026021,Demo@021
ST2026022,Demo@022
ST2026023,Demo@023
ST2026024,Demo@024
ST2026025,Demo@025
ST2026026,Demo@026
ST2026027,Demo@027
ST2026028,Demo@028
ST2026029,Demo@029
ST2026030,Demo@030
ST2026031,Demo@031
ST2026032,Demo@032
ST2026033,Demo@033
ST2026034,Demo@034
ST2026035,Demo@035
ST2026036,Demo@036
ST2026037,Demo@037
ST2026038,Demo@038
ST2026039,Demo@039
ST2026040,Demo@040
